Date,Close/Last,Volume,Open,variacion,cuenta financiera,
08/22/2025,$25.85,481784,$25.56,0.0113,"$12,454,116.40",
08/21/2025,$25.56,378628,$25.61,-0.0120,"$9,677,731.68",
08/20/2025,$25.87,293118,$25.49,0.0094,"$7,582,962.66",
08/19/2025,$25.63,465129,$25.48,0.0071,"$11,921,256.27",
08/18/2025,$25.45,436397,$26.26,-0.0242,"$11,106,303.65",
08/15/2025,$26.08,614439,$26.19,-0.0038,"$16,024,569.12",
08/14/2025,$26.18,519356,$26.50,-0.0158,"$13,596,740.08",
08/13/2025,$26.60,1004594,$27.90,-0.0507,"$26,722,200.40",
08/12/2025,$28.02,1311441,$26.07,0.0642,"$36,746,576.82",
08/11/2025,$26.33,651220,$25.70,0.0201,"$17,146,622.60",
08/08/2025,$25.81,327653,$25.40,0.0145,"$8,456,723.93",
08/07/2025,$25.44,325092,$24.43,0.0452,"$8,270,340.48",
08/06/2025,$24.34,713664,$24.50,-0.0150,"$17,370,581.76",
08/05/2025,$24.71,503228,$25.52,-0.0306,"$12,434,763.88",
08/04/2025,$25.49,761707,$25.60,-0.0004,"$19,415,911.43",
08/01/2025,$25.50,481573,$25.54,-0.0008,"$12,280,111.50",
07/31/2025,$25.52,541223,$25.50,-0.0016,"$13,812,010.96",
07/30/2025,$25.56,478634,$25.91,-0.0078,"$12,233,885.04",
07/29/2025,$25.76,751503,$24.98,0.0375,"$19,358,717.28",
07/28/2025,$24.83,767916,$25.55,-0.0305,"$19,067,354.28",
07/25/2025,$25.61,215429,$25.59,-0.0019,"$5,517,136.69",
07/24/2025,$25.66,608850,$25.80,-0.0035,"$15,623,091.00",
07/23/2025,$25.75,861957,$25.72,0.0000,"$22,195,392.75",
07/22/2025,$25.75,683267,$26.25,-0.0164,"$17,594,125.25",
07/21/2025,$26.18,521362,$26.14,0.0061,"$13,649,257.16",
07/18/2025,$26.02,1212273,$26.32,-0.0106,"$31,543,343.46",
07/17/2025,$26.30,658849,$26.44,-0.0049,"$17,327,728.70",
07/16/2025,$26.43,976894,$26.79,-0.0064,"$25,819,308.42",
07/15/2025,$26.60,1674421,$24.42,0.0879,"$44,539,598.60",
07/14/2025,$24.45,605520,$24.60,-0.0049,"$14,804,964.00",
07/11/2025,$24.57,731060,$25.50,-0.0376,"$17,962,144.20",
07/10/2025,$25.53,357526,$25.28,0.0135,"$9,127,638.78",
07/09/2025,$25.19,705384,$25.60,-0.0221,"$17,768,622.96",
07/08/2025,$25.76,544387,$26.38,-0.0239,"$14,023,409.12",
07/07/2025,$26.39,334342,$27.55,-0.0483,"$8,823,285.38",
07/03/2025,$27.73,274240,$27.98,-0.0022,"$7,604,675.20",
07/02/2025,$27.79,1074158,$27.54,0.0065,"$29,850,850.82",
07/01/2025,$27.61,773962,$27.85,-0.0054,"$21,369,090.82",
06/30/2025,$27.76,1126468,$27.45,0.0109,"$31,270,751.68",
06/27/2025,$27.46,555579,$27.42,0.0011,"$15,256,199.34",
06/26/2025,$27.43,563457,$27.24,0.0085,"$15,455,625.51",
06/25/2025,$27.20,824713,$26.91,0.0199,"$22,432,193.60",
06/24/2025,$26.67,635375,$27.13,-0.0122,"$16,945,451.25",
06/23/2025,$27.00,307089,$26.49,0.0247,"$8,291,403.00",
06/20/2025,$26.35,540147,$25.86,0.0309,"$14,232,873.45",
06/18/2025,$25.56,328167,$26.36,-0.0241,"$8,387,948.52",
06/17/2025,$26.19,314470,$26.43,-0.0110,"$8,235,969.30",
06/16/2025,$26.48,330921,$26.21,0.0118,"$8,762,788.08",
06/13/2025,$26.17,385180,$26.83,-0.0235,"$10,080,160.60",
06/12/2025,$26.80,425569,$26.52,0.0071,"$11,405,249.20",
06/11/2025,$26.61,734561,$26.28,0.0091,"$19,546,668.21",
06/10/2025,$26.37,479160,$26.52,-0.0026,"$12,635,449.20",
06/09/2025,$26.44,272313,$27.11,-0.0308,"$7,199,955.72",
06/06/2025,$27.28,629236,$27.43,-0.0044,"$17,165,558.08",
06/05/2025,$27.40,477116,$27.50,0.0037,"$13,072,978.40",
06/04/2025,$27.30,812384,$29.15,-0.0504,"$22,178,083.20",
06/03/2025,$28.75,778533,$28.75,-0.0107,"$22,382,823.75",
06/02/2025,$29.06,375526,$30.12,0.0069,"$10,912,785.56",
05/30/2025,$28.86,749735,$29.25,-0.0150,"$21,637,352.10",
05/29/2025,$29.30,266321,$29.80,-0.0101,"$7,803,205.30",
05/28/2025,$29.60,295448,$29.71,-0.0084,"$8,745,260.80",
05/27/2025,$29.85,384850,$29.80,0.0017,"$11,487,772.50",
05/23/2025,$29.80,278109,$29.57,0.0003,"$8,287,648.20",
05/22/2025,$29.79,421073,$30.38,-0.0185,"$12,543,764.67",
05/21/2025,$30.35,341152,$31.27,-0.0276,"$10,353,963.20",
05/20/2025,$31.21,678987,$31.00,0.0100,"$21,191,184.27",
05/19/2025,$30.90,583006,$30.12,0.0215,"$18,014,885.40",
05/16/2025,$30.25,504141,$30.33,0.0017,"$15,250,265.25",
05/15/2025,$30.20,672849,$29.70,0.0080,"$20,320,039.80",
05/14/2025,$29.96,561587,$28.96,0.0443,"$16,825,146.52",
05/13/2025,$28.69,576248,$27.75,0.0335,"$16,532,555.12",
05/12/2025,$27.76,580289,$27.89,-0.0050,"$16,108,822.64",
05/09/2025,$27.90,695352,$29.01,-0.0190,"$19,400,320.80",
05/08/2025,$28.44,1573853,$30.00,-0.0820,"$44,760,379.32",
05/07/2025,$30.98,652312,$30.15,-0.0010,"$20,208,625.76",
05/06/2025,$31.01,410360,$30.46,0.0036,"$12,725,263.60",
05/05/2025,$30.90,456844,$30.50,0.0168,"$14,116,479.60",
05/02/2025,$30.39,1061693,$30.40,0.0086,"$32,264,850.27",
05/01/2025,$30.13,433270,$30.60,-0.0141,"$13,054,425.10",
04/30/2025,$30.56,384005,$30.13,0.0092,"$11,735,192.80",
04/29/2025,$30.28,578930,$30.51,0.0007,"$17,530,000.40",
04/28/2025,$30.26,370873,$30.25,0.0023,"$11,222,616.98",
04/25/2025,$30.19,564304,$30.05,0.0047,"$17,036,337.76",
04/24/2025,$30.05,556588,$29.22,0.0405,"$16,725,469.40",
04/23/2025,$28.88,753316,$28.40,0.0292,"$21,755,766.08",
04/22/2025,$28.06,692880,$27.43,0.0416,"$19,442,212.80",
04/21/2025,$26.94,1094901,$26.44,0.0366,"$29,496,632.94",
04/17/2025,$25.99,718242,$25.73,0.0089,"$18,667,109.58",
04/16/2025,$25.76,552742,$26.77,-0.0356,"$14,238,633.92",
04/15/2025,$26.71,394837,$27.20,-0.0187,"$10,546,096.27",
04/14/2025,$27.22,641676,$27.60,0.0015,"$17,466,420.72",
04/11/2025,$27.18,614124,$26.65,0.0199,"$16,691,890.32",
04/10/2025,$26.65,838692,$25.30,0.0083,"$22,351,141.80",
04/09/2025,$26.43,1382931,$24.74,0.0640,"$36,550,866.33",
04/08/2025,$24.84,727543,$25.53,-0.0008,"$18,072,168.12",
04/07/2025,$24.86,927806,$23.97,-0.0162,"$23,065,257.16",
04/04/2025,$25.27,1192048,$27.49,-0.1001,"$30,123,052.96",
04/03/2025,$28.08,916849,$26.62,0.0305,"$25,745,119.92",
04/02/2025,$27.25,453081,$26.42,0.0160,"$12,346,457.25",
04/01/2025,$26.82,726433,$26.58,0.0052,"$19,482,933.06",
03/31/2025,$26.68,752944,$26.05,-0.0022,"$20,088,545.92",
03/28/2025,$26.74,891703,$26.76,-0.0085,"$23,844,138.22",
03/27/2025,$26.97,854619,$26.91,0.0112,"$23,049,074.43",
03/26/2025,$26.67,819336,$27.20,-0.0063,"$21,851,691.12",
03/25/2025,$26.84,679030,$26.99,0.0011,"$18,225,165.20",
03/24/2025,$26.81,296744,$25.90,0.0375,"$7,955,706.64",
03/21/2025,$25.84,289530,$25.26,0.0074,"$7,481,455.20",
03/20/2025,$25.65,968079,$24.36,0.0599,"$24,831,226.35",
03/19/2025,$24.20,677595,$24.15,-0.0012,"$16,397,799.00",
03/18/2025,$24.23,435673,$24.74,-0.0331,"$10,556,356.79",
03/17/2025,$25.06,570438,$25.18,0.0000,"$14,295,176.28",
03/14/2025,$25.06,389995,$24.78,0.0220,"$9,773,274.70",
03/13/2025,$24.52,343723,$24.96,-0.0274,"$8,428,087.96",
03/12/2025,$25.21,692536,$24.85,0.0290,"$17,458,832.56",
03/11/2025,$24.50,890151,$24.10,0.0166,"$21,808,699.50",
03/10/2025,$24.10,2348728,$24.53,-0.0337,"$56,604,344.80",
03/07/2025,$24.94,1500903,$24.52,0.0200,"$37,432,520.82",
03/06/2025,$24.45,610037,$25.29,-0.0344,"$14,915,404.65",
03/05/2025,$25.32,485240,$25.20,0.0036,"$12,286,276.80",
03/04/2025,$25.23,1438546,$25.50,-0.0191,"$36,294,515.58",
03/03/2025,$25.72,610176,$26.76,-0.0338,"$15,693,726.72",
02/28/2025,$26.62,797044,$26.02,0.0156,"$21,217,311.28",
02/27/2025,$26.21,942533,$27.42,-0.0462,"$24,703,789.93",
02/26/2025,$27.48,500735,$27.59,-0.0065,"$13,760,197.80",
02/25/2025,$27.66,603497,$27.90,-0.0082,"$16,692,727.02",
02/24/2025,$27.89,708533,$28.03,-0.0050,"$19,760,985.37",
02/21/2025,$28.03,562114,$28.58,-0.0137,"$15,756,055.42",
02/20/2025,$28.42,1167834,$28.69,-0.0004,"$33,189,842.28",
02/19/2025,$28.43,1011084,$28.29,0.0099,"$28,745,118.12",
02/18/2025,$28.15,899872,$28.02,0.0046,"$25,331,396.80",
02/14/2025,$28.02,1093901,$28.05,0.0011,"$30,651,106.02",
02/13/2025,$27.99,1139650,$28.32,-0.0021,"$31,898,803.50",
02/12/2025,$28.05,1904915,$27.24,0.0178,"$53,432,865.75",
02/11/2025,$27.56,2164313,$27.50,0.0110,"$59,648,466.28",
02/10/2025,$27.26,1563580,$27.29,-0.0080,"$42,623,190.80",
02/07/2025,$27.48,3302473,$27.20,0.0170,"$90,751,958.04",
02/06/2025,$27.02,8965933,$28.70,-0.0543,"$242,259,509.66",
02/05/2025,$28.57,1422019,$29.30,-0.0279,"$40,627,082.83",
02/04/2025,$29.39,1651919,$29.81,-0.0589,"$48,549,899.41",
02/03/2025,$31.23,675423,$30.84,0.0068,"$21,093,460.29",
01/31/2025,$31.02,648298,$30.45,0.0227,"$20,110,203.96",
01/30/2025,$30.33,761005,$31.60,-0.0310,"$23,081,281.65",
01/29/2025,$31.30,610692,$30.36,0.0361,"$19,114,659.60",
01/28/2025,$30.21,1023527,$31.43,-0.0320,"$30,920,750.67",
01/27/2025,$31.21,759884,$30.29,0.0127,"$23,715,979.64",
01/24/2025,$30.82,957407,$30.25,0.0205,"$29,507,283.74",
01/23/2025,$30.20,583538,$30.12,-0.0030,"$17,622,847.60",
01/22/2025,$30.29,535715,$29.80,0.0120,"$16,226,807.35",
01/21/2025,$29.93,410659,$29.77,0.0142,"$12,291,023.87",
01/17/2025,$29.51,576031,$29.94,-0.0134,"$16,998,674.81",
01/16/2025,$29.91,713455,$30.08,-0.0050,"$21,339,439.05",
01/15/2025,$30.06,559024,$31.16,-0.0202,"$16,804,261.44",
01/14/2025,$30.68,513064,$30.05,0.0186,"$15,740,803.52",
01/13/2025,$30.12,730092,$30.52,-0.0278,"$21,990,371.04",
01/10/2025,$30.98,772515,$30.37,0.0292,"$23,932,514.70",
01/08/2025,$30.10,694537,$29.64,0.0104,"$20,905,563.70",
01/07/2025,$29.79,478067,$30.50,-0.0139,"$14,241,615.93",
01/06/2025,$30.21,808694,$29.49,0.0262,"$24,430,645.74",
01/03/2025,$29.44,655294,$29.67,-0.0074,"$19,291,855.36",
01/02/2025,$29.66,778810,$28.46,0.0488,"$23,099,504.60",
12/31/2024,$28.28,732813,$28.68,-0.0098,"$20,723,951.64",
12/30/2024,$28.56,888664,$28.94,-0.0259,"$25,380,243.84",
12/27/2024,$29.32,741485,$29.89,-0.0191,"$21,740,340.20",
12/26/2024,$29.89,674827,$29.58,0.0078,"$20,170,579.03",
12/24/2024,$29.66,466414,$29.95,-0.0013,"$13,833,839.24",
12/23/2024,$29.70,665597,$29.30,0.0085,"$19,768,230.90",
12/20/2024,$29.45,1013094,$28.94,0.0086,"$29,835,618.30",
12/19/2024,$29.20,740547,$28.79,0.0171,"$21,623,972.40",
12/18/2024,$28.71,611686,$28.87,-0.0059,"$17,561,505.06",
12/17/2024,$28.88,844921,$30.03,-0.0424,"$24,401,318.48",
12/16/2024,$30.16,1002913,$28.96,0.0498,"$30,247,856.08",
12/13/2024,$28.73,658900,$29.44,-0.0181,"$18,930,197.00",
12/12/2024,$29.26,422044,$29.68,-0.0221,"$12,349,007.44",
12/11/2024,$29.92,759278,$29.23,0.0285,"$22,717,597.76",
12/10/2024,$29.09,896652,$29.48,-0.0119,"$26,083,606.68",
12/09/2024,$29.44,1003216,$29.98,-0.0187,"$29,534,679.04",
12/06/2024,$30.00,1468721,$28.90,0.0446,"$44,061,630.00",
12/05/2024,$28.72,771291,$28.43,0.0221,"$22,151,477.52",
12/04/2024,$28.10,714213,$28.26,-0.0168,"$20,069,385.30",
12/03/2024,$28.58,738283,$27.67,0.0266,"$21,100,128.14",
12/02/2024,$27.84,913457,$28.01,-0.0135,"$25,430,642.88",
11/29/2024,$28.22,698190,$28.60,0.0000,"$19,702,921.80",
11/27/2024,$28.22,1167199,$29.76,-0.0559,"$32,938,355.78",
11/26/2024,$29.89,2052072,$32.14,-0.1250,"$61,336,432.08",
11/25/2024,$34.16,884230,$34.54,0.0026,"$30,205,296.80",
11/22/2024,$34.07,762846,$33.69,0.0201,"$25,990,163.22",
11/21/2024,$33.40,671194,$32.84,0.0189,"$22,417,879.60",
11/20/2024,$32.78,436654,$32.78,0.0015,"$14,313,518.12",
11/19/2024,$32.73,695139,$31.59,0.0193,"$22,751,899.47",
11/18/2024,$32.11,781322,$32.11,-0.0022,"$25,088,249.42",
11/15/2024,$32.18,216074,$31.91,0.0085,"$6,953,261.32",
11/14/2024,$31.91,450455,$32.94,-0.0319,"$14,374,019.05",
11/13/2024,$32.96,520238,$33.05,0.0021,"$17,147,044.48",
11/12/2024,$32.89,729932,$33.10,-0.0120,"$24,007,463.48",
11/11/2024,$33.29,585909,$33.69,-0.0030,"$19,504,910.61",
11/08/2024,$33.39,482323,$32.58,0.0255,"$16,104,764.97",
11/07/2024,$32.56,634285,$32.40,0.0197,"$20,652,319.60",
11/06/2024,$31.93,1239394,$31.98,-0.0084,"$39,573,850.42",
11/05/2024,$32.20,529419,$32.07,0.0063,"$17,047,291.80",
11/04/2024,$32.00,590380,$31.82,0.0057,"$18,892,160.00",
11/01/2024,$31.82,750546,$32.08,-0.0038,"$23,882,373.72",
10/31/2024,$31.94,1088242,$32.09,-0.0019,"$34,758,449.48",
10/30/2024,$32.00,852821,$32.70,-0.0262,"$27,290,272.00",
10/29/2024,$32.86,701043,$34.06,-0.0397,"$23,036,272.98",
10/28/2024,$34.22,477816,$34.51,-0.0009,"$16,350,863.52",
10/25/2024,$34.25,743372,$33.34,0.0310,"$25,460,491.00",
10/24/2024,$33.22,785165,$32.57,0.0266,"$26,083,181.30",
10/23/2024,$32.36,732319,$33.08,-0.0311,"$23,697,842.84",
10/22/2024,$33.40,373330,$32.66,0.0085,"$12,469,222.00",
10/21/2024,$33.12,566884,$33.26,-0.0030,"$18,775,198.08",
10/18/2024,$33.22,812816,$33.31,0.0030,"$27,001,747.52",
10/17/2024,$33.12,658288,$33.00,0.0009,"$21,802,498.56",
10/16/2024,$33.09,486574,$33.78,-0.0039,"$16,100,733.66",
10/15/2024,$33.22,843945,$31.79,0.0466,"$28,035,852.90",
10/14/2024,$31.74,379043,$32.89,-0.0335,"$12,030,824.82",
10/11/2024,$32.84,1030391,$32.04,0.0272,"$33,838,040.44",
10/10/2024,$31.97,582840,$30.75,0.0313,"$18,633,394.80",
10/09/2024,$31.00,346459,$31.46,-0.0105,"$10,740,229.00",
10/08/2024,$31.33,668607,$30.57,0.0229,"$20,947,457.31",
10/07/2024,$30.63,846895,$30.75,-0.0033,"$25,940,393.85",
10/04/2024,$30.73,716583,$30.40,0.0267,"$22,020,595.59",
10/03/2024,$29.93,310188,$29.86,0.0061,"$9,283,926.84",
10/02/2024,$29.75,550755,$29.85,-0.0093,"$16,384,961.25",
10/01/2024,$30.03,269574,$30.07,0.0010,"$8,095,307.22",
09/30/2024,$30.00,500828,$29.64,0.0000,"$15,024,840.00",
09/27/2024,$30.00,512135,$29.85,0.0033,"$15,364,050.00",
09/26/2024,$29.90,1312107,$31.74,-0.0523,"$39,231,999.30",
09/25/2024,$31.55,792095,$31.40,0.0077,"$24,990,597.25",
09/24/2024,$31.31,381353,$31.65,-0.0104,"$11,940,162.43",
09/23/2024,$31.64,359440,$31.35,0.0086,"$11,372,681.60",
09/20/2024,$31.37,618246,$32.42,-0.0351,"$19,394,377.02",
09/19/2024,$32.51,896132,$31.11,0.0670,"$29,133,251.32",
09/18/2024,$30.47,461656,$30.51,-0.0013,"$14,066,658.32",
09/17/2024,$30.51,379420,$31.50,-0.0246,"$11,576,104.20",
09/16/2024,$31.28,510113,$30.66,0.0196,"$15,956,334.64",
09/13/2024,$30.68,903475,$29.96,0.0216,"$27,718,613.00",
09/12/2024,$30.03,826962,$29.36,0.0320,"$24,833,668.86",
09/11/2024,$29.10,459209,$28.07,0.0319,"$13,362,981.90",
09/10/2024,$28.20,1050314,$29.18,-0.0269,"$29,618,854.80",
09/09/2024,$28.98,1275922,$28.75,0.0112,"$36,976,219.56",
09/06/2024,$28.66,916429,$29.46,-0.0238,"$26,264,855.14",
09/05/2024,$29.36,688015,$29.49,-0.0071,"$20,200,120.40",
09/04/2024,$29.57,1244585,$29.44,-0.0117,"$36,802,378.45",
09/03/2024,$29.92,452034,$31.15,-0.0585,"$13,524,857.28",
08/30/2024,$31.78,316563,$31.93,-0.0047,"$10,060,372.14",
08/29/2024,$31.93,376085,$32.04,-0.0013,"$12,008,394.05",
08/28/2024,$31.97,899412,$32.90,-0.0312,"$28,754,201.64",
08/27/2024,$33.00,488235,$32.35,0.0201,"$16,111,755.00",
08/26/2024,$32.35,514945,$32.78,-0.0101,"$16,658,470.75",
08/23/2024,$32.68,1325477,$30.67,0.0955,"$43,316,588.36",
08/22/2024,$29.83,1223278,$28.70,0.0445,"$36,490,382.74",
08/21/2024,$28.56,637198,$27.80,0.0389,"$18,198,374.88",
08/20/2024,$27.49,660276,$29.21,-0.0582,"$18,150,987.24",
08/19/2024,$29.19,397290,$28.62,0.0188,"$11,596,895.10",
08/16/2024,$28.65,255916,$28.36,0.0077,"$7,331,993.40",
08/15/2024,$28.43,347339,$28.41,0.0154,"$9,874,847.77",
08/14/2024,$28.00,275614,$27.55,0.0215,"$7,717,192.00",
08/13/2024,$27.41,210690,$27.36,0.0129,"$5,775,012.90",
08/12/2024,$27.06,204554,$26.88,0.0011,"$5,535,231.24",
08/09/2024,$27.03,393733,$26.79,0.0007,"$10,642,602.99",
08/08/2024,$27.01,397689,$26.06,0.0341,"$10,741,579.89",
08/07/2024,$26.12,690362,$25.10,0.0486,"$18,032,255.44",
08/06/2024,$24.91,556925,$24.65,0.0134,"$13,873,001.75",
08/05/2024,$24.58,696287,$24.33,-0.0417,"$17,114,734.46",
08/02/2024,$25.65,540658,$26.51,-0.0518,"$13,867,877.70",
08/01/2024,$27.05,344125,$27.32,-0.0037,"$9,308,581.25",
07/31/2024,$27.15,594344,$26.92,0.0070,"$16,136,439.60",
07/30/2024,$26.96,468851,$26.68,0.0101,"$12,640,222.96",
07/29/2024,$26.69,238526,$26.94,-0.0078,"$6,366,258.94",
07/26/2024,$26.90,781371,$26.39,0.0287,"$21,018,879.90",
07/25/2024,$26.15,580835,$25.65,0.0195,"$15,188,835.25",
07/24/2024,$25.65,1058231,$26.14,-0.0157,"$27,143,625.15",
07/23/2024,$26.06,361556,$26.31,-0.0110,"$9,422,149.36",
07/22/2024,$26.35,476612,$26.23,0.0131,"$12,558,726.20",
07/19/2024,$26.01,434360,$26.00,0.0008,"$11,297,703.60",
07/18/2024,$25.99,804433,$26.18,-0.0125,"$20,907,213.67",
07/17/2024,$26.32,960037,$25.25,0.0301,"$25,268,173.84",
07/16/2024,$25.55,354005,$25.30,0.0200,"$9,044,827.75",
07/15/2024,$25.05,234996,$25.21,-0.0126,"$5,886,649.80",
07/12/2024,$25.37,303720,$24.98,0.0168,"$7,705,376.40",
07/11/2024,$24.95,668918,$23.94,0.0496,"$16,689,504.10",
07/10/2024,$23.77,695898,$24.80,-0.0234,"$16,541,495.46",
07/09/2024,$24.34,533046,$24.49,-0.0061,"$12,974,339.64",
07/08/2024,$24.49,586086,$23.87,0.0325,"$14,353,246.14",
07/05/2024,$23.72,473570,$23.83,0.0158,"$11,233,080.40",
07/03/2024,$23.35,412010,$23.63,-0.0081,"$9,620,433.50",
07/02/2024,$23.54,695987,$23.53,0.0017,"$16,383,533.98",
07/01/2024,$23.50,1537275,$23.67,-0.0151,"$36,125,962.50",
06/28/2024,$23.86,1674776,$24.01,-0.0046,"$39,960,155.36",
06/27/2024,$23.97,1611603,$22.76,0.0408,"$38,630,123.91",
06/26/2024,$23.03,795392,$23.03,-0.0060,"$18,317,877.76",
06/25/2024,$23.17,1003381,$22.65,0.0189,"$23,248,337.77",
06/24/2024,$22.74,649994,$23.50,-0.0286,"$14,780,863.56",
06/21/2024,$23.41,1675434,$22.24,0.0574,"$39,221,909.94",
06/20/2024,$22.14,1117829,$21.95,0.0082,"$24,748,734.06",
06/18/2024,$21.96,690375,$21.50,0.0176,"$15,160,635.00",
06/17/2024,$21.58,662958,$22.05,-0.0226,"$14,306,633.64",
06/14/2024,$22.08,711329,$22.62,-0.0320,"$15,706,144.32",
06/13/2024,$22.81,504212,$23.04,-0.0078,"$11,501,075.72",
06/12/2024,$22.99,625835,$23.21,-0.0009,"$14,387,946.65",
06/11/2024,$23.01,291280,$23.09,-0.0004,"$6,702,352.80",
06/10/2024,$23.02,431748,$23.06,-0.0017,"$9,938,838.96",
06/07/2024,$23.06,1304987,$23.75,-0.0416,"$30,093,000.22",
06/06/2024,$24.06,1452426,$23.71,0.0046,"$34,945,369.56",
06/05/2024,$23.95,1367643,$24.90,-0.0070,"$32,755,049.85",
06/04/2024,$24.12,2016572,$24.72,-0.0305,"$48,639,716.64",
06/03/2024,$24.88,1506494,$26.89,-0.0866,"$37,481,570.72",
05/31/2024,$27.24,996189,$27.32,0.0074,"$27,136,188.36",
05/30/2024,$27.04,1043564,$27.10,0.0015,"$28,217,970.56",
05/29/2024,$27.00,1158561,$26.34,0.0075,"$31,281,147.00",
05/28/2024,$26.80,1183181,$28.61,-0.0510,"$31,709,250.80",
05/24/2024,$28.24,972707,$28.05,0.0075,"$27,469,245.68",
05/23/2024,$28.03,2318974,$26.09,0.1380,"$65,000,841.22",
05/22/2024,$24.63,910597,$24.46,-0.0016,"$22,428,004.11",
05/21/2024,$24.67,795348,$25.14,-0.0163,"$19,621,235.16",
05/20/2024,$25.08,684731,$25.49,-0.0161,"$17,173,053.48",
05/17/2024,$25.49,688991,$25.45,0.0091,"$17,562,380.59",
05/16/2024,$25.26,852197,$25.77,-0.0175,"$21,526,496.22",
05/15/2024,$25.71,969169,$24.09,0.0713,"$24,917,334.99",
05/14/2024,$24.00,967152,$25.14,-0.0396,"$23,211,648.00",
05/13/2024,$24.99,869531,$25.50,-0.0134,"$21,729,579.69",
05/10/2024,$25.33,1156762,$25.85,-0.0178,"$29,300,781.46",
05/09/2024,$25.79,1072120,$25.44,0.0170,"$27,649,974.80",
05/08/2024,$25.36,999204,$25.11,-0.0078,"$25,339,813.44",
05/07/2024,$25.56,944844,$26.41,-0.0315,"$24,150,212.64",
05/06/2024,$26.39,1201005,$24.41,0.0829,"$31,694,521.95",
05/03/2024,$24.37,1302115,$23.27,0.0596,"$31,732,542.55",
05/02/2024,$23.00,861109,$22.80,0.0181,"$19,805,507.00",
05/01/2024,$22.59,745724,$22.93,-0.0157,"$16,845,905.16",
04/30/2024,$22.95,1349166,$23.17,-0.0108,"$30,963,359.70",
04/29/2024,$23.20,874366,$23.25,0.0039,"$20,285,291.20",
04/26/2024,$23.11,1734573,$20.42,0.1218,"$40,085,982.03",
04/25/2024,$20.60,851990,$20.13,0.0000,"$17,550,994.00",
04/24/2024,$20.60,1610256,$20.15,0.0274,"$33,171,273.60",
04/23/2024,$20.05,765668,$20.36,-0.0094,"$15,351,643.40",
04/22/2024,$20.24,853237,$19.90,0.0171,"$17,269,516.88",
04/19/2024,$19.90,834055,$19.89,0.0051,"$16,597,694.50",
04/18/2024,$19.80,1053547,$20.17,-0.0125,"$20,860,230.60",
04/17/2024,$20.05,1060641,$19.52,0.0303,"$21,265,852.05",
04/16/2024,$19.46,656260,$19.85,-0.0270,"$12,770,819.60",
04/15/2024,$20.00,676352,$20.01,-0.0020,"$13,527,040.00",
04/12/2024,$20.04,1183649,$20.39,-0.0224,"$23,720,325.96",
04/11/2024,$20.50,649607,$20.60,-0.0063,"$13,316,943.50",
04/10/2024,$20.63,784737,$21.10,-0.0440,"$16,189,124.31",
04/09/2024,$21.58,1898193,$22.31,-0.0613,"$40,963,004.94",
04/08/2024,$22.99,652959,$23.31,-0.0116,"$15,011,527.41",
04/05/2024,$23.26,412318,$23.31,-0.0056,"$9,590,516.68",
04/04/2024,$23.39,577941,$23.50,-0.0043,"$13,518,039.99",
04/03/2024,$23.49,1159958,$23.32,0.0086,"$27,247,413.42",
04/02/2024,$23.29,1082672,$22.76,0.0170,"$25,215,430.88",
04/01/2024,$22.90,2274695,$23.78,-0.0370,"$52,090,515.50",
03/28/2024,$23.78,707189,$24.55,-0.0294,"$16,816,954.42",
03/27/2024,$24.50,1134139,$23.96,0.0320,"$27,786,405.50",
03/26/2024,$23.74,2478234,$23.76,-0.0029,"$58,833,275.16",
03/25/2024,$23.81,1194225,$23.79,0.0115,"$28,434,497.25",
03/22/2024,$23.54,886293,$22.90,0.0325,"$20,863,337.22",
03/21/2024,$22.80,324226,$22.30,0.0270,"$7,392,352.80",
03/20/2024,$22.20,386787,$21.64,0.0240,"$8,586,671.40",
03/19/2024,$21.68,340158,$21.69,-0.0109,"$7,374,625.44",
03/18/2024,$21.92,245232,$21.67,0.0097,"$5,375,485.44",
03/15/2024,$21.71,125214,$21.72,-0.0023,"$2,718,395.94",
03/14/2024,$21.76,392599,$22.02,-0.0118,"$8,542,954.24",
03/13/2024,$22.02,516824,$21.20,0.0397,"$11,380,464.48",
03/12/2024,$21.18,189810,$21.52,-0.0038,"$4,020,175.80",
03/11/2024,$21.26,226837,$20.90,0.0138,"$4,822,554.62",
03/08/2024,$20.97,582080,$21.00,-0.0014,"$12,206,217.60",
03/07/2024,$21.00,985549,$21.77,-0.0358,"$20,696,529.00",
03/06/2024,$21.78,850558,$21.48,0.0411,"$18,525,153.24",
03/05/2024,$20.92,810122,$20.88,-0.0165,"$16,947,752.24",
03/04/2024,$21.27,261671,$21.49,-0.0005,"$5,565,742.17",
03/01/2024,$21.28,278936,$20.65,0.0138,"$5,935,758.08",
02/29/2024,$20.99,274300,$20.77,0.0043,"$5,757,557.00",
02/28/2024,$20.90,360535,$20.20,0.0352,"$7,535,181.50",
02/27/2024,$20.19,604360,$20.93,-0.0242,"$12,202,028.40",
02/26/2024,$20.69,477562,$20.46,-0.0086,"$9,880,757.78",
02/23/2024,$20.87,713528,$20.87,0.0038,"$14,891,329.36",
02/22/2024,$20.79,927479,$20.25,0.0348,"$19,282,288.41",
02/21/2024,$20.09,182350,$21.02,-0.0313,"$3,663,411.50",
02/20/2024,$20.74,475381,$20.56,0.0262,"$9,859,401.94",
02/16/2024,$20.21,361183,$20.21,-0.0108,"$7,299,508.43",
02/15/2024,$20.43,1155805,$21.01,-0.0408,"$23,613,096.15",
02/14/2024,$21.30,1688173,$20.60,0.0340,"$35,958,084.90",
02/13/2024,$20.60,2108051,$19.90,0.0537,"$43,425,850.60",
02/12/2024,$19.55,2504738,$19.20,0.0262,"$48,967,627.90",
02/09/2024,$19.05,15493660,$19.50,,"$295,154,223.00",
